MutantNo,[FAIL | TIME | EXC | LIVE]
1,LIVE
2,LIVE
3,LIVE
4,LIVE
5,LIVE
6,LIVE
7,LIVE
8,LIVE
9,LIVE
10,LIVE
11,LIVE
12,LIVE
13,FAIL
14,EXC
15,EXC
16,TIME
17,EXC
18,EXC
19,EXC
20,LIVE
21,LIVE
22,LIVE
23,LIVE
24,TIME
25,TIME
26,FAIL
27,FAIL
28,LIVE
29,EXC
30,FAIL
31,EXC
32,LIVE
33,EXC
34,FAIL
35,FAIL
76,EXC
77,FAIL
78,EXC
79,FAIL
80,FAIL
81,FAIL
82,FAIL
83,FAIL
84,FAIL
85,LIVE
86,FAIL
87,EXC
88,FAIL
89,LIVE
90,EXC
91,FAIL
92,FAIL
93,EXC
94,EXC
95,FAIL
96,LIVE
97,FAIL
98,LIVE
99,LIVE
104,FAIL
105,FAIL
106,FAIL
107,FAIL
108,FAIL
109,FAIL
110,FAIL
111,EXC
112,FAIL
113,EXC
114,LIVE
115,LIVE
116,EXC
117,LIVE
118,LIVE
119,LIVE
120,LIVE
121,LIVE
122,LIVE
123,FAIL
124,FAIL
125,FAIL
126,EXC
127,EXC
128,FAIL
129,FAIL
130,EXC
131,FAIL
132,FAIL
133,EXC
134,EXC
135,FAIL
136,LIVE
137,EXC
138,EXC
139,EXC
140,FAIL
141,FAIL
142,TIME
143,FAIL
144,FAIL
145,FAIL
146,TIME
147,LIVE
148,FAIL
149,EXC
150,FAIL
151,EXC
152,EXC
153,EXC
154,LIVE
155,EXC
156,EXC
157,EXC
158,EXC
159,EXC
160,EXC
161,EXC
162,EXC
163,EXC
164,EXC
165,LIVE
166,EXC
167,EXC
168,EXC
169,EXC
170,EXC
171,EXC
172,LIVE
173,EXC
174,EXC
175,EXC
176,EXC
177,FAIL
178,EXC
179,FAIL
180,FAIL
181,FAIL
182,LIVE
183,FAIL
184,LIVE
185,FAIL
186,EXC
187,FAIL
188,FAIL
189,LIVE
190,FAIL
191,LIVE
192,FAIL
193,FAIL
194,LIVE
195,EXC
196,LIVE
197,EXC
198,FAIL
199,FAIL
200,LIVE
201,LIVE
202,FAIL
203,LIVE
204,FAIL
205,FAIL
206,EXC
207,FAIL
208,FAIL
209,FAIL
210,LIVE
211,FAIL
212,FAIL
213,FAIL
214,FAIL
215,FAIL
216,FAIL
217,FAIL
218,FAIL
219,FAIL
220,EXC
221,LIVE
222,EXC
223,LIVE
224,LIVE
225,LIVE
226,LIVE
227,LIVE
228,LIVE
229,FAIL
230,FAIL
231,EXC
232,LIVE
233,LIVE
234,LIVE
235,LIVE
236,LIVE
237,LIVE
238,LIVE
239,LIVE
240,LIVE
241,EXC
242,FAIL
243,FAIL
244,FAIL
245,FAIL
246,FAIL
247,FAIL
248,EXC
249,LIVE
250,EXC
251,EXC
252,LIVE
253,EXC
254,EXC
255,FAIL
256,FAIL
257,FAIL
258,FAIL
259,FAIL
260,FAIL
261,LIVE
262,LIVE
263,LIVE
264,LIVE
265,EXC
266,FAIL
267,EXC
268,LIVE
271,LIVE
272,LIVE
273,LIVE
274,LIVE
275,EXC
276,EXC
277,EXC
278,FAIL
279,EXC
280,EXC
281,EXC
282,LIVE
283,LIVE
284,EXC
285,EXC
286,LIVE
287,LIVE
288,EXC
289,EXC
290,LIVE
291,LIVE
292,EXC
293,EXC
294,LIVE
295,EXC
296,EXC
297,EXC
298,EXC
299,LIVE
300,LIVE
302,FAIL
303,LIVE
304,LIVE
305,LIVE
306,LIVE
307,FAIL
308,LIVE
309,FAIL
310,FAIL
311,FAIL
312,LIVE
313,FAIL
314,FAIL
315,LIVE
316,FAIL
317,FAIL
318,FAIL
319,FAIL
320,FAIL
321,FAIL
322,FAIL
323,FAIL
324,FAIL
325,FAIL
326,FAIL
327,FAIL
328,FAIL
329,FAIL
330,FAIL
331,FAIL
332,LIVE
333,FAIL
334,LIVE
335,LIVE
336,FAIL
337,LIVE
338,LIVE
339,EXC
340,EXC
341,FAIL
342,FAIL
343,EXC
344,LIVE
345,FAIL
346,FAIL
347,FAIL
349,LIVE
350,FAIL
351,FAIL
352,FAIL
353,FAIL
354,FAIL
355,FAIL
356,FAIL
357,FAIL
358,FAIL
359,FAIL
360,LIVE
361,FAIL
362,FAIL
363,FAIL
364,LIVE
365,LIVE
366,LIVE
367,LIVE
368,FAIL
369,FAIL
370,FAIL
371,FAIL
372,FAIL
373,FAIL
374,LIVE
375,FAIL
376,FAIL
377,LIVE
378,FAIL
379,FAIL
380,LIVE
381,FAIL
382,FAIL
383,FAIL
384,FAIL
385,FAIL
386,FAIL
387,FAIL
388,FAIL
389,FAIL
390,FAIL
391,FAIL
392,LIVE
393,FAIL
394,LIVE
395,FAIL
396,FAIL
397,FAIL
398,FAIL
399,FAIL
400,FAIL
401,LIVE
402,LIVE
403,FAIL
404,FAIL
405,LIVE
406,FAIL
407,FAIL
408,FAIL
409,FAIL
410,FAIL
411,FAIL
412,FAIL
413,FAIL
414,FAIL
415,FAIL
416,FAIL
417,FAIL
418,FAIL
419,FAIL
420,FAIL
421,FAIL
422,FAIL
423,FAIL
424,FAIL
425,FAIL
426,FAIL
427,FAIL
428,FAIL
429,FAIL
430,FAIL
431,FAIL
432,FAIL
433,FAIL
434,FAIL
435,FAIL
436,FAIL
437,FAIL
438,FAIL
439,LIVE
440,FAIL
441,FAIL
442,LIVE
443,LIVE
444,LIVE
445,LIVE
446,LIVE
447,EXC
448,EXC
449,LIVE
450,LIVE
451,FAIL
452,LIVE
453,LIVE
454,LIVE
455,FAIL
456,FAIL
457,FAIL
458,FAIL
459,FAIL
460,FAIL
461,FAIL
462,FAIL
463,FAIL
464,FAIL
465,FAIL
466,FAIL
467,FAIL
468,FAIL
469,FAIL
470,FAIL
471,FAIL
472,FAIL
473,FAIL
474,FAIL
475,FAIL
476,FAIL
477,FAIL
478,FAIL
479,LIVE
480,FAIL
481,LIVE
482,FAIL
483,LIVE
484,LIVE
485,LIVE
486,FAIL
487,LIVE
488,FAIL
489,FAIL
490,LIVE
491,FAIL
492,LIVE
493,LIVE
494,FAIL
495,LIVE
498,LIVE
499,LIVE
500,LIVE
501,FAIL
502,LIVE
503,LIVE
504,LIVE
505,EXC
506,FAIL
507,FAIL
508,EXC
509,FAIL
510,LIVE
511,FAIL
512,EXC
513,LIVE
514,FAIL
515,FAIL
516,LIVE
517,FAIL
518,LIVE
519,FAIL
520,LIVE
521,FAIL
522,LIVE
523,FAIL
524,EXC
525,LIVE
526,FAIL
527,FAIL
528,LIVE
529,LIVE
530,FAIL
531,FAIL
532,EXC
533,FAIL
534,FAIL
535,EXC
536,FAIL
537,FAIL
538,LIVE
539,LIVE
540,FAIL
541,FAIL
542,FAIL
543,FAIL
544,FAIL
545,FAIL
546,FAIL
547,LIVE
548,LIVE
549,FAIL
550,LIVE
551,EXC
552,EXC
553,LIVE
554,LIVE
555,LIVE
556,LIVE
557,FAIL
558,FAIL
559,FAIL
560,FAIL
561,LIVE
562,LIVE
563,LIVE
564,FAIL
565,FAIL
566,EXC
567,EXC
568,LIVE
569,FAIL
570,LIVE
571,FAIL
572,LIVE
573,LIVE
574,EXC
575,LIVE
576,EXC
577,FAIL
578,FAIL
579,EXC
580,FAIL
581,FAIL
582,LIVE
583,EXC
584,LIVE
585,EXC
586,FAIL
587,FAIL
588,EXC
589,LIVE
590,LIVE
591,FAIL
592,EXC
594,EXC
595,LIVE
596,LIVE
597,EXC
598,FAIL
599,FAIL
600,TIME
601,EXC
602,TIME
603,EXC
604,EXC
605,EXC
606,EXC
607,FAIL
608,FAIL
609,FAIL
610,TIME
611,FAIL
612,FAIL
613,FAIL
614,TIME
615,LIVE
616,EXC
617,EXC
618,FAIL
619,EXC
620,EXC
621,EXC
622,FAIL
623,EXC
624,FAIL
625,FAIL
626,EXC
627,FAIL
628,EXC
629,FAIL
630,TIME
631,EXC
632,LIVE
633,EXC
634,EXC
635,LIVE
636,EXC
637,LIVE
638,EXC
639,TIME
640,TIME
641,EXC
642,LIVE
643,LIVE
644,LIVE
645,LIVE
646,LIVE
647,LIVE
648,FAIL
649,FAIL
650,EXC
651,TIME
652,EXC
653,TIME
654,TIME
655,EXC
656,TIME
657,LIVE
658,EXC
659,FAIL
660,LIVE
672,LIVE
673,FAIL
674,LIVE
675,EXC
676,FAIL
677,FAIL
678,EXC
679,FAIL
680,FAIL
681,EXC
682,EXC
683,FAIL
684,LIVE
686,LIVE
687,FAIL
688,LIVE
689,LIVE
690,LIVE
691,FAIL
693,LIVE
695,FAIL
696,EXC
697,FAIL
698,LIVE
701,FAIL
702,LIVE
703,FAIL
704,LIVE
705,LIVE
706,FAIL
707,EXC
708,LIVE
709,LIVE
710,EXC
711,FAIL
712,LIVE
713,EXC
714,FAIL
715,FAIL
716,EXC
717,LIVE
718,EXC
719,FAIL
720,FAIL
721,FAIL
722,FAIL
723,FAIL
724,FAIL
725,EXC
726,FAIL
727,FAIL
728,FAIL
729,LIVE
730,LIVE
731,LIVE
732,EXC
733,EXC
734,EXC
735,EXC
736,LIVE
737,TIME
738,LIVE
739,LIVE
740,LIVE
741,EXC
742,FAIL
743,EXC
744,LIVE
745,LIVE
746,LIVE
747,EXC
748,EXC
749,EXC
750,FAIL
751,EXC
752,EXC
753,EXC
754,LIVE
755,FAIL
756,FAIL
757,LIVE
758,EXC
759,FAIL
760,LIVE
761,FAIL
762,FAIL
763,LIVE
764,LIVE
765,FAIL
766,FAIL
767,FAIL
768,FAIL
769,LIVE
770,EXC
771,EXC
772,FAIL
773,EXC
774,FAIL
775,LIVE
780,LIVE
781,FAIL
782,FAIL
783,FAIL
784,FAIL
785,LIVE
786,FAIL
788,FAIL
789,FAIL
790,FAIL
791,FAIL
793,FAIL
794,FAIL
795,FAIL
797,LIVE
798,LIVE
799,FAIL
801,FAIL
802,FAIL
803,FAIL
805,LIVE
806,LIVE
807,FAIL
809,LIVE
810,LIVE
811,FAIL
813,LIVE
814,LIVE
815,FAIL
817,LIVE
818,LIVE
819,FAIL
821,FAIL
822,FAIL
823,FAIL
824,LIVE
825,LIVE
826,LIVE
827,LIVE
828,LIVE
829,LIVE
830,LIVE
831,LIVE
832,LIVE
833,LIVE
834,EXC
835,LIVE
836,LIVE
837,EXC
838,LIVE
839,LIVE
840,LIVE
841,LIVE
842,LIVE
843,LIVE
844,LIVE
845,LIVE
846,LIVE
847,LIVE
848,EXC
849,LIVE
850,LIVE
851,EXC
852,LIVE
853,LIVE
854,LIVE
855,LIVE
856,LIVE
857,LIVE
858,LIVE
859,LIVE
862,LIVE
863,LIVE
864,LIVE
865,LIVE
866,LIVE
867,LIVE
868,LIVE
869,LIVE
870,LIVE
871,LIVE
872,LIVE
873,LIVE
876,LIVE
877,LIVE
878,LIVE
879,LIVE
880,LIVE
881,LIVE
882,LIVE
883,LIVE
884,LIVE
885,LIVE
888,LIVE
889,LIVE
890,EXC
891,LIVE
892,LIVE
893,EXC
894,LIVE
895,LIVE
896,LIVE
897,LIVE
898,LIVE
899,LIVE
902,LIVE
903,LIVE
904,EXC
905,LIVE
906,LIVE
907,EXC
908,LIVE
909,LIVE
910,LIVE
911,LIVE
912,LIVE
913,LIVE
916,LIVE
917,LIVE
918,EXC
919,LIVE
920,LIVE
921,EXC
922,LIVE
923,LIVE
924,LIVE
925,LIVE
926,LIVE
927,LIVE
930,LIVE
931,LIVE
932,EXC
933,LIVE
934,LIVE
935,EXC
936,LIVE
937,LIVE
938,LIVE
939,LIVE
940,LIVE
941,LIVE
944,LIVE
945,LIVE
946,EXC
947,LIVE
948,LIVE
949,EXC
950,EXC
951,FAIL
952,LIVE
953,FAIL
954,EXC
955,LIVE
956,LIVE
957,LIVE
958,FAIL
959,LIVE
960,FAIL
961,LIVE
962,FAIL
963,LIVE
964,FAIL
965,LIVE
966,FAIL
967,EXC
968,LIVE
969,EXC
970,EXC
971,FAIL
972,FAIL
973,FAIL
974,FAIL
975,FAIL
976,LIVE
977,EXC
978,LIVE
979,EXC
980,FAIL
981,LIVE
982,LIVE
983,FAIL
984,EXC
985,EXC
986,EXC
987,FAIL
988,EXC
989,EXC
990,FAIL
991,FAIL
992,EXC
993,EXC
994,LIVE
995,FAIL
996,EXC
997,EXC
998,FAIL
999,EXC
1000,FAIL
1001,FAIL
1002,EXC
1003,FAIL
1004,FAIL
1005,LIVE
1008,EXC
1009,FAIL
1010,EXC
1011,LIVE
1012,LIVE
1013,EXC
1014,FAIL
1015,LIVE
1018,FAIL
1019,FAIL
1020,FAIL
1021,FAIL
1022,FAIL
1023,FAIL
1024,FAIL
1025,TIME
1026,FAIL
1027,LIVE
1028,FAIL
1030,LIVE
1031,FAIL
1032,FAIL
1033,FAIL
1034,FAIL
1035,LIVE
1036,LIVE
1037,FAIL
1038,FAIL
1040,LIVE
1041,EXC
1042,FAIL
1043,FAIL
1044,FAIL
1045,EXC
1046,LIVE
1047,LIVE
1048,FAIL
1049,FAIL
1050,LIVE
1051,FAIL
1052,LIVE
1053,FAIL
1054,FAIL
1055,LIVE
1056,FAIL
1057,FAIL
1058,FAIL
1059,FAIL
1060,LIVE
1061,LIVE
1062,FAIL
1063,LIVE
1064,FAIL
1065,LIVE
1068,LIVE
1071,LIVE
1073,LIVE
1076,LIVE
1077,LIVE
1078,LIVE
1079,LIVE
1080,LIVE
1081,LIVE
1082,LIVE
1085,LIVE
1086,LIVE
1087,LIVE
1088,LIVE
1089,EXC
1090,FAIL
1091,FAIL
1092,FAIL
1093,FAIL
1094,FAIL
1095,FAIL
1096,FAIL
1097,FAIL
1098,FAIL
1099,FAIL
1100,FAIL
1101,FAIL
1102,FAIL
1103,FAIL
1104,FAIL
1105,FAIL
1106,LIVE
1107,LIVE
1108,LIVE
1109,FAIL
1110,FAIL
1111,FAIL
1112,FAIL
1113,FAIL
1114,LIVE
1115,FAIL
1116,FAIL
1117,FAIL
1118,FAIL
1119,FAIL
1120,FAIL
1121,FAIL
1122,FAIL
1123,FAIL
1124,FAIL
1125,LIVE
1126,FAIL
1127,FAIL
1128,FAIL
1129,FAIL
1130,FAIL
1131,LIVE
1132,LIVE
1133,FAIL
1134,LIVE
1135,FAIL
1136,FAIL
1137,FAIL
1138,FAIL
1139,FAIL
1140,FAIL
1141,FAIL
1142,LIVE
1143,FAIL
1144,FAIL
1145,FAIL
1146,FAIL
1147,LIVE
1148,LIVE
1149,FAIL
1150,FAIL
1151,EXC
1152,EXC
1153,EXC
1154,EXC
1155,FAIL
1156,EXC
1157,EXC
1158,EXC
1159,LIVE
1160,FAIL
1161,FAIL
1162,EXC
1164,EXC
1165,LIVE
1166,LIVE
1167,EXC
1168,LIVE
1169,LIVE
1170,LIVE
1171,LIVE
1172,LIVE
1173,EXC
1174,LIVE
1175,FAIL
1176,EXC
1177,FAIL
1178,LIVE
1179,FAIL
1180,FAIL
1181,FAIL
1182,FAIL
1183,FAIL
1184,FAIL
1185,FAIL
1186,FAIL
1187,FAIL
1188,LIVE
1189,FAIL
1190,FAIL
1191,LIVE
1192,FAIL
1193,LIVE
1194,FAIL
1195,FAIL
1196,FAIL
1197,FAIL
1198,FAIL
1199,FAIL
1200,FAIL
1201,FAIL
1202,FAIL
1203,FAIL
1204,FAIL
1205,LIVE
1206,FAIL
1207,FAIL
1208,FAIL
1209,FAIL
1210,FAIL
1211,FAIL
1212,FAIL
1213,FAIL
1214,LIVE
1215,FAIL
1216,LIVE
1217,FAIL
1218,FAIL
1219,FAIL
1220,FAIL
1221,FAIL
1222,FAIL
1223,FAIL
1224,FAIL
1225,LIVE
1226,FAIL
1227,LIVE
1228,FAIL
1229,LIVE
1230,FAIL
1231,FAIL
1232,FAIL
1233,FAIL
1234,FAIL
1235,FAIL
1236,EXC
1237,EXC
1238,FAIL
1239,LIVE
1240,EXC
1241,EXC
1242,EXC
1243,FAIL
1244,EXC
1245,EXC
1246,EXC
1247,LIVE
1248,FAIL
1249,FAIL
1250,EXC
1251,FAIL
1252,FAIL
1253,EXC
1254,EXC
1255,LIVE
1258,EXC
1262,LIVE
1263,FAIL
1264,LIVE
1265,FAIL
1266,LIVE
1267,LIVE
1268,LIVE
1269,FAIL
1270,LIVE
1272,LIVE
1274,LIVE
1275,LIVE
1276,LIVE
1277,LIVE
1278,LIVE
1279,LIVE
1280,LIVE
1283,FAIL
1284,LIVE
1285,LIVE
1286,FAIL
1287,FAIL
1289,FAIL
1290,FAIL
1291,EXC
1292,LIVE
1293,LIVE
1294,EXC
1295,EXC
1296,LIVE
1297,FAIL
1298,EXC
1299,FAIL
1300,EXC
1301,EXC
1302,FAIL
1303,EXC
1304,EXC
1305,FAIL
1306,FAIL
1307,FAIL
1308,TIME
1311,LIVE
1312,EXC
1313,FAIL
1314,TIME
1315,TIME
1316,FAIL
1317,EXC
1318,EXC
1319,EXC
1320,EXC
1321,TIME
1322,FAIL
1323,FAIL
1324,EXC
1325,EXC
1326,EXC
1327,FAIL
1328,FAIL
1329,LIVE
1330,LIVE
1331,LIVE
1332,EXC
1333,FAIL
1334,LIVE
1335,LIVE
1336,FAIL
1337,EXC
1338,FAIL
1339,FAIL
1340,TIME
1341,FAIL
1342,FAIL
1343,FAIL
1344,FAIL
1345,FAIL
1346,FAIL
1347,FAIL
1348,FAIL
1349,FAIL
1350,FAIL
1351,EXC
1352,FAIL
1353,FAIL
1354,EXC
1355,FAIL
1356,EXC
1357,LIVE
1358,LIVE
1359,FAIL
1360,FAIL
1361,FAIL
1362,EXC
1363,EXC
1364,FAIL
1365,EXC
1366,LIVE
1367,FAIL
1368,EXC
1369,LIVE
1370,EXC
1371,FAIL
1372,FAIL
1373,LIVE
1374,FAIL
1375,EXC
1376,FAIL
1377,FAIL
1378,EXC
1379,FAIL
1380,LIVE
1381,FAIL
1382,EXC
1383,FAIL
1384,EXC
1385,EXC
1386,FAIL
1387,FAIL
1388,FAIL
1389,FAIL
1390,FAIL
1391,LIVE
1392,EXC
1393,TIME
1394,EXC
1395,EXC
1396,FAIL
1397,LIVE
1398,EXC
1399,FAIL
1400,LIVE
1401,EXC
1402,TIME
1403,FAIL
1404,TIME
1405,FAIL
1406,TIME
1407,LIVE
1408,LIVE
1409,FAIL
1410,FAIL
1411,EXC
1412,EXC
1413,FAIL
1414,LIVE
1415,EXC
1416,EXC
1417,LIVE
1418,LIVE
1419,FAIL
1420,LIVE
1421,EXC
1422,TIME
1423,LIVE
1424,LIVE
1425,EXC
1426,FAIL
1427,EXC
1428,EXC
1429,FAIL
1430,LIVE
1431,EXC
1432,TIME
1433,TIME
1434,TIME
1435,FAIL
1436,TIME
1437,TIME
1438,FAIL
1439,LIVE
1440,FAIL
1441,FAIL
1442,TIME
1443,LIVE
1444,TIME
1445,LIVE
1446,LIVE
1447,LIVE
1448,FAIL
1449,TIME
1450,TIME
1451,LIVE
1452,LIVE
1453,FAIL
1454,EXC
1455,EXC
1456,EXC
1457,EXC
1458,LIVE
1459,EXC
1460,EXC
1461,LIVE
1462,EXC
1463,LIVE
1464,LIVE
1465,EXC
1466,LIVE
1467,LIVE
1468,LIVE
1469,LIVE
1470,EXC
1471,LIVE
1472,EXC
1473,LIVE
1474,LIVE
1475,LIVE
1476,LIVE
1477,EXC
1478,LIVE
1479,EXC
1480,LIVE
1481,LIVE
1482,LIVE
1483,EXC
1484,EXC
1485,LIVE
1486,EXC
1487,FAIL
1488,LIVE
1489,FAIL
1490,EXC
1491,EXC
1492,FAIL
1493,EXC
1494,LIVE
1495,LIVE
1496,LIVE
1497,FAIL
1498,EXC
1499,FAIL
1500,EXC
1501,FAIL
1502,LIVE
1503,FAIL
1504,FAIL
1505,EXC
1506,LIVE
1507,EXC
1508,LIVE
1509,LIVE
1510,LIVE
1511,FAIL
1512,EXC
1513,TIME
1514,TIME
1515,LIVE
1516,EXC
1517,EXC
1518,EXC
1519,EXC
1520,FAIL
1521,FAIL
1522,EXC
1523,EXC
1524,FAIL
1525,LIVE
1526,EXC
1527,TIME
1528,TIME
1529,TIME
1530,FAIL
1531,LIVE
1532,TIME
1533,LIVE
1534,LIVE
1535,TIME
1536,LIVE
1537,FAIL
1538,TIME
1539,TIME
1540,FAIL
1541,LIVE
1542,TIME
1543,LIVE
1544,LIVE
1545,TIME
1546,LIVE
1547,FAIL
1548,LIVE
1549,TIME
1550,TIME
1551,FAIL
1552,TIME
1553,EXC
1554,EXC
1555,EXC
1556,FAIL
1557,LIVE
1558,EXC
1559,FAIL
1560,FAIL
1561,FAIL
1562,FAIL
1563,LIVE
1564,FAIL
1565,LIVE
1566,LIVE
1567,FAIL
1568,LIVE
1569,FAIL
1570,FAIL
1571,FAIL
1572,FAIL
1573,LIVE
1574,FAIL
1575,LIVE
1576,LIVE
1577,FAIL
1578,LIVE
1579,FAIL
1580,LIVE
1581,FAIL
1582,FAIL
1583,FAIL
1584,TIME
1585,FAIL
1586,LIVE
1587,FAIL
1588,LIVE
1589,FAIL
1590,FAIL
1591,LIVE
1592,FAIL
1593,FAIL
1594,FAIL
1595,TIME
1596,FAIL
1597,EXC
1598,EXC
1599,FAIL
1600,LIVE
1601,LIVE
1602,FAIL
1603,FAIL
1604,FAIL
1605,LIVE
1606,FAIL
1607,FAIL
1608,FAIL
1609,LIVE
1610,FAIL
1611,FAIL
1612,LIVE
1613,FAIL
1614,LIVE
1615,FAIL
1616,LIVE
1617,FAIL
1618,LIVE
1619,LIVE
1620,FAIL
1621,LIVE
1622,FAIL
1623,LIVE
1624,FAIL
1625,FAIL
1626,FAIL
1627,FAIL
1628,FAIL
1629,FAIL
1630,LIVE
1631,FAIL
1632,LIVE
1633,LIVE
1634,FAIL
1635,LIVE
1636,FAIL
1637,LIVE
1638,FAIL
1639,FAIL
1640,FAIL
1641,TIME
1642,LIVE
1643,EXC
1644,EXC
1645,FAIL
1646,LIVE
1647,LIVE
1648,FAIL
1649,FAIL
1650,FAIL
1651,FAIL
1652,FAIL
1653,FAIL
1654,FAIL
1655,LIVE
1656,FAIL
1657,FAIL
1658,FAIL
1659,TIME
1660,FAIL
1661,EXC
1662,EXC
1663,FAIL
1664,FAIL
1665,FAIL
1666,FAIL
1667,EXC
1668,FAIL
1669,FAIL
1670,EXC
1671,FAIL
1672,FAIL
1673,EXC
1674,FAIL
1675,FAIL
1676,FAIL
1677,EXC
1678,FAIL
1679,FAIL
1680,EXC
1681,LIVE
1682,EXC
1683,FAIL
1684,EXC
1685,FAIL
1686,FAIL
1687,EXC
1688,FAIL
1689,FAIL
1690,FAIL
1691,FAIL
1692,FAIL
1693,FAIL
1694,FAIL
1695,EXC
1696,EXC
1697,FAIL
1698,FAIL
1699,EXC
1700,FAIL
1701,FAIL
1702,EXC
1703,LIVE
1704,EXC
1705,FAIL
1706,EXC
1707,FAIL
1708,FAIL
1709,EXC
1710,FAIL
1711,LIVE
1712,FAIL
1713,FAIL
1714,FAIL
1715,LIVE
1716,FAIL
1718,FAIL
1719,FAIL
1720,FAIL
1721,FAIL
1722,FAIL
1723,LIVE
1724,LIVE
1725,LIVE
1726,LIVE
1727,FAIL
1728,LIVE
1729,LIVE
1730,FAIL
1731,LIVE
1732,EXC
1733,FAIL
1734,TIME
1735,EXC
1736,EXC
1737,TIME
1738,LIVE
1739,EXC
1740,LIVE
1741,LIVE
1742,EXC
1743,LIVE
1744,TIME
1745,FAIL
1746,EXC
1747,TIME
1748,LIVE
1749,FAIL
1750,LIVE
1751,LIVE
1752,FAIL
1753,LIVE
1754,TIME
1755,LIVE
1756,FAIL
1757,EXC
1758,TIME
1759,LIVE
1760,LIVE
1762,LIVE
1763,LIVE
1764,LIVE
1765,LIVE
1766,LIVE
1767,FAIL
1768,LIVE
1769,LIVE
1770,FAIL
1771,LIVE
1772,FAIL
1773,FAIL
1774,FAIL
1775,FAIL
1776,FAIL
1777,FAIL
1778,FAIL
1779,FAIL
1780,FAIL
1781,FAIL
1782,LIVE
1783,LIVE
1784,LIVE
1785,FAIL
1786,FAIL
1787,LIVE
1788,LIVE
1789,LIVE
1790,FAIL
1791,FAIL
1792,LIVE
1793,FAIL
1794,FAIL
1795,FAIL
1800,FAIL
1801,LIVE
1802,LIVE
1803,LIVE
1804,LIVE
1805,LIVE
1806,EXC
1807,LIVE
1808,EXC
1809,LIVE
1810,LIVE
1811,LIVE
1812,EXC
1813,LIVE
1814,LIVE
1815,EXC
1816,LIVE
1817,LIVE
1818,LIVE
1819,LIVE
1820,EXC
1821,EXC
1822,LIVE
1823,EXC
1824,EXC
1825,EXC
1826,EXC
1827,EXC
1828,EXC
1829,FAIL
1830,EXC
1831,LIVE
1832,EXC
1833,FAIL
1834,EXC
1835,EXC
1836,EXC
1837,EXC
1838,FAIL
1839,LIVE
1840,EXC
1841,FAIL
1842,FAIL
1843,FAIL
1844,FAIL
1845,FAIL
1846,EXC
1847,LIVE
1848,EXC
1849,LIVE
1850,EXC
1851,LIVE
1852,EXC
1853,FAIL
1854,FAIL
1855,FAIL
1856,TIME
1857,LIVE
1858,TIME
1859,LIVE
1860,TIME
1861,FAIL
1862,TIME
1863,EXC
1864,TIME
1865,EXC
1866,EXC
1867,LIVE
1868,TIME
1869,FAIL
1870,FAIL
1871,FAIL
1872,FAIL
1873,FAIL
1874,FAIL
1875,FAIL
1876,FAIL
1877,FAIL
1878,EXC
1879,LIVE
1880,FAIL
1881,EXC
1882,EXC
1883,FAIL
1884,FAIL
1885,FAIL
1886,TIME
1887,FAIL
1888,EXC
1889,EXC
1890,LIVE
1891,FAIL
1892,EXC
1893,FAIL
1894,LIVE
1895,LIVE
1896,EXC
1897,LIVE
1898,FAIL
1899,EXC
1900,LIVE
1901,FAIL
1902,TIME
1903,FAIL
1904,FAIL
1905,LIVE
1906,LIVE
1907,LIVE
1908,FAIL
1909,LIVE
1912,LIVE
1913,LIVE
1914,LIVE
1915,FAIL
1916,FAIL
1917,FAIL
1918,FAIL
1919,LIVE
1920,LIVE
1921,LIVE
1922,FAIL
1923,LIVE
1924,FAIL
1925,FAIL
1926,LIVE
1927,LIVE
1928,FAIL
1929,LIVE
1930,LIVE
1931,LIVE
1932,LIVE
1933,LIVE
1934,LIVE
1935,LIVE
1936,LIVE
1937,FAIL
1938,LIVE
1939,LIVE
1940,LIVE
1941,FAIL
1942,FAIL
1943,FAIL
1944,FAIL
1945,LIVE
1946,LIVE
1947,LIVE
1948,LIVE
1949,LIVE
1950,FAIL
1954,LIVE
1955,LIVE
1956,LIVE
1957,EXC
1958,EXC
1959,EXC
1960,FAIL
1961,FAIL
1962,EXC
1963,FAIL
1964,FAIL
1965,FAIL
1966,EXC
1967,FAIL
1968,FAIL
1969,LIVE
1970,FAIL
1971,LIVE
1972,LIVE
1973,LIVE
1974,FAIL
1975,LIVE
1976,FAIL
1977,LIVE
1978,FAIL
1979,FAIL
1980,FAIL
1981,FAIL
1982,FAIL
1983,FAIL
1984,LIVE
1985,EXC
1986,EXC
1987,FAIL
1988,FAIL
1989,LIVE
1990,FAIL
1991,LIVE
1992,FAIL
1993,LIVE
1994,LIVE
1995,FAIL
1996,FAIL
1997,FAIL
1998,LIVE
1999,LIVE
2000,LIVE
2001,LIVE
2003,FAIL
2004,FAIL
2005,FAIL
2006,FAIL
2007,FAIL
2008,FAIL
2009,FAIL
2010,FAIL
2011,FAIL
2013,TIME
2014,TIME
2015,FAIL
2016,TIME
2017,TIME
2018,FAIL
2019,LIVE
2020,LIVE
2021,FAIL
2022,LIVE
2023,EXC
2024,LIVE
2025,EXC
2026,FAIL
2027,FAIL
2028,FAIL
2029,LIVE
2030,EXC
2031,EXC
2032,FAIL
2033,LIVE
2034,LIVE
2035,LIVE
2036,LIVE
2037,LIVE
2038,LIVE
2039,LIVE
2040,LIVE
2041,LIVE
2042,LIVE
2043,LIVE
2044,EXC
2045,EXC
2046,EXC
2047,FAIL
2048,FAIL
2049,FAIL
2050,FAIL
2051,FAIL
2052,FAIL
2053,FAIL
2054,FAIL
2055,LIVE
2056,FAIL
2057,LIVE
2058,EXC
2059,LIVE
2060,LIVE
2061,EXC
2062,LIVE
2063,LIVE
2064,LIVE
2065,LIVE
2066,EXC
2067,LIVE
2068,EXC
2069,FAIL
2070,EXC
2071,FAIL
2072,FAIL
2073,FAIL
2074,FAIL
2075,FAIL
2076,LIVE
2077,FAIL
2078,FAIL
2079,FAIL
2080,FAIL
2081,LIVE
2082,FAIL
2083,FAIL
2084,LIVE
2085,FAIL
2086,FAIL
2087,LIVE
2088,FAIL
2089,FAIL
2090,LIVE
2091,LIVE
2092,FAIL
2093,LIVE
2094,FAIL
2095,EXC
2096,FAIL
2097,FAIL
2098,FAIL
2099,FAIL
2100,LIVE
2101,EXC
2102,LIVE
2103,LIVE
2104,LIVE
2105,LIVE
2106,FAIL
2107,LIVE
2108,LIVE
2109,FAIL
2110,FAIL
2111,LIVE
2112,FAIL
2113,EXC
2114,LIVE
2115,EXC
2116,FAIL
2117,FAIL
2118,FAIL
2119,FAIL
2120,FAIL
2121,FAIL
2122,LIVE
2123,LIVE
2124,FAIL
2125,LIVE
2126,FAIL
2127,LIVE
2128,FAIL
2129,FAIL
2130,FAIL
2131,FAIL
2132,LIVE
2133,FAIL
2134,LIVE
2135,FAIL
2136,FAIL
2137,LIVE
2139,FAIL
2140,FAIL
2141,FAIL
2142,FAIL
2143,FAIL
2144,FAIL
2145,FAIL
2146,FAIL
2147,FAIL
2148,FAIL
2149,FAIL
2150,FAIL
2151,FAIL
2152,FAIL
2153,FAIL
2154,FAIL
2155,FAIL
2156,FAIL
2157,FAIL
2158,FAIL
2159,FAIL
2160,FAIL
2161,FAIL
2162,FAIL
2163,FAIL
2164,FAIL
2165,FAIL
2166,FAIL
2167,FAIL
2168,LIVE
2169,FAIL
2170,FAIL
2171,LIVE
2172,FAIL
2173,LIVE
2174,LIVE
2175,LIVE
2176,LIVE
2177,LIVE
2178,LIVE
2179,LIVE
2180,LIVE
2181,LIVE
2182,LIVE
2183,EXC
2184,EXC
2185,EXC
2186,EXC
2187,LIVE
2188,FAIL
2189,LIVE
2190,EXC
2191,EXC
2192,FAIL
2193,FAIL
2194,FAIL
2195,FAIL
2196,FAIL
2197,FAIL
2198,FAIL
2199,FAIL
2200,FAIL
2201,FAIL
2202,FAIL
2203,EXC
2204,LIVE
2205,LIVE
2206,FAIL
2207,LIVE
2208,FAIL
2209,FAIL
2210,LIVE
2211,FAIL
2212,FAIL
2215,LIVE
2216,FAIL
2217,FAIL
2218,FAIL
2219,FAIL
2220,FAIL
2221,LIVE
2222,FAIL
2223,LIVE
2224,FAIL
2225,LIVE
2226,FAIL
2227,FAIL
2228,TIME
2229,TIME
2230,LIVE
2231,TIME
2232,TIME
2233,FAIL
2234,LIVE
2235,EXC
2236,FAIL
2237,FAIL
2238,TIME
2240,TIME
2244,TIME
2245,FAIL
2251,TIME
2255,TIME
2256,FAIL
2257,TIME
2261,TIME
2262,FAIL
2268,TIME
2269,TIME
2270,TIME
2271,FAIL
2272,EXC
2273,FAIL
2274,EXC
2275,TIME
2276,LIVE
2277,FAIL
2278,TIME
2279,LIVE
2280,FAIL
2284,FAIL
2285,EXC
2286,FAIL
2287,FAIL
2288,TIME
2289,LIVE
2290,LIVE
2291,LIVE
2292,TIME
2295,EXC
2296,FAIL
2297,LIVE
2298,FAIL
2299,FAIL
2301,FAIL
2302,TIME
2303,FAIL
2304,FAIL
2305,LIVE
2306,TIME
2307,EXC
2308,LIVE
2309,FAIL
2310,EXC
2311,FAIL
2312,LIVE
2313,FAIL
2314,FAIL
2315,EXC
2316,FAIL
2317,FAIL
2318,EXC
2319,TIME
2320,FAIL
2321,TIME
2322,FAIL
2323,FAIL
2324,FAIL
2325,FAIL
2326,FAIL
2327,FAIL
2328,TIME
2329,FAIL
2330,TIME
2331,FAIL
2332,TIME
2333,FAIL
2334,FAIL
2335,FAIL
2336,LIVE
2337,LIVE
2343,FAIL
2344,FAIL
2345,FAIL
2346,FAIL
2347,FAIL
2348,TIME
2349,FAIL
2350,FAIL
2351,TIME
2352,EXC
2353,LIVE
2354,LIVE
2355,TIME
2356,LIVE
2357,TIME
2358,TIME
2359,EXC
2360,FAIL
2361,FAIL
2362,TIME
2363,FAIL
2364,TIME
2365,TIME
2366,TIME
2367,EXC
2368,FAIL
2369,FAIL
2370,FAIL
2371,FAIL
2372,TIME
2373,EXC
2374,EXC
2375,FAIL
2376,EXC
2377,TIME
2378,FAIL
2379,TIME
2380,TIME
2381,FAIL
2382,LIVE
2383,FAIL
2384,TIME
2385,TIME
2386,FAIL
2387,LIVE
2388,FAIL
2389,TIME
2391,LIVE
2392,FAIL
2395,FAIL
2396,TIME
2397,TIME
2401,FAIL
2402,LIVE
2403,LIVE
2406,FAIL
2407,LIVE
2412,LIVE
2413,LIVE
2414,LIVE
2415,FAIL
2418,LIVE
2420,FAIL
2421,LIVE
2425,FAIL
2426,LIVE
2427,FAIL
2428,LIVE
2429,LIVE
2430,FAIL
2431,FAIL
2432,TIME
2433,TIME
2434,LIVE
2435,LIVE
2436,TIME
2437,LIVE
2438,TIME
2439,LIVE
2440,LIVE
2441,LIVE
2442,LIVE
2443,EXC
2444,FAIL
2445,TIME
2448,TIME
2449,TIME
2452,FAIL
2453,TIME
2459,FAIL
2483,LIVE
2484,LIVE
2485,FAIL
2486,LIVE
2487,TIME
2489,TIME
2490,FAIL
2491,FAIL
2492,EXC
2497,LIVE
2498,TIME
2499,LIVE
2500,LIVE
2501,FAIL
2502,FAIL
2503,FAIL
2504,FAIL
2505,TIME
2506,FAIL
2507,FAIL
2509,FAIL
2510,FAIL
2511,EXC
2514,LIVE
2515,TIME
2518,LIVE
2519,FAIL
2531,FAIL
2532,FAIL
2533,TIME
2534,TIME
2537,FAIL
2538,LIVE
2539,FAIL
2540,LIVE
2541,LIVE
2542,FAIL
2543,EXC
2550,FAIL
2551,TIME
2552,FAIL
2553,LIVE
2554,LIVE
2555,LIVE
2556,EXC
2557,EXC
2558,FAIL
2559,FAIL
2560,LIVE
2561,EXC
2562,FAIL
2563,LIVE
2566,LIVE
2567,TIME
2568,EXC
2569,LIVE
2570,LIVE
2571,LIVE
2572,FAIL
2573,FAIL
2574,LIVE
2575,FAIL
2576,FAIL
2577,EXC
2578,FAIL
2579,FAIL
2584,FAIL
2585,LIVE
2586,LIVE
2587,LIVE
2588,FAIL
2589,FAIL
2590,FAIL
2595,FAIL
2596,EXC
2601,LIVE
2602,LIVE
2603,LIVE
2604,LIVE
2605,EXC
2606,EXC
2607,LIVE
2608,TIME
2609,LIVE
2610,LIVE
2611,TIME
2612,FAIL
2613,FAIL
2614,EXC
2619,FAIL
2620,FAIL
2621,FAIL
2622,FAIL
2623,TIME
2624,FAIL
2625,FAIL
2626,LIVE
2627,FAIL
2628,FAIL
2629,FAIL
2630,FAIL
2631,FAIL
2632,FAIL
2633,FAIL
2646,FAIL
2647,FAIL
2660,TIME
2661,LIVE
2662,TIME
2663,FAIL
2664,LIVE
2665,EXC
2666,TIME
2667,TIME
2668,FAIL
2675,LIVE
2676,LIVE
2677,FAIL
2678,FAIL
2704,FAIL
2706,TIME
2707,LIVE
2708,LIVE
2709,FAIL
2710,TIME
2713,LIVE
2714,LIVE
2715,LIVE
2716,TIME
2717,LIVE
2718,LIVE
2719,FAIL
2720,FAIL
2729,LIVE
2730,TIME
2731,FAIL
2732,FAIL
2733,FAIL
2734,FAIL
2742,LIVE
2743,FAIL
2748,FAIL
2749,FAIL
2750,TIME
2751,LIVE
2752,FAIL
2755,FAIL
2756,FAIL
2757,FAIL
2764,LIVE
2780,FAIL
2793,FAIL
2804,FAIL
2817,LIVE
2833,LIVE
2834,FAIL
2873,LIVE
2884,FAIL
2897,FAIL
2898,FAIL
2909,FAIL
2910,FAIL
2911,TIME
2912,FAIL
2913,LIVE
2914,FAIL
2915,EXC
2916,TIME
2917,EXC
2918,FAIL
2919,EXC
2920,FAIL
2921,EXC
2922,FAIL
2923,LIVE
2924,FAIL
2926,FAIL
2927,EXC
2928,FAIL
2929,LIVE
2930,TIME
2931,TIME
2932,EXC
2933,FAIL
2934,TIME
2935,FAIL
2936,TIME
2937,FAIL
2938,FAIL
2939,FAIL
2940,LIVE
2941,FAIL
2942,LIVE
2943,FAIL
2944,LIVE
2945,TIME
2947,FAIL
2948,FAIL
2949,LIVE
2950,LIVE
2951,FAIL
2952,LIVE
2953,LIVE
2954,FAIL
2955,FAIL
2956,LIVE
2957,LIVE
2958,LIVE
2959,LIVE
2960,LIVE
2961,EXC
2962,LIVE
2963,LIVE
2964,LIVE
2965,EXC
2966,LIVE
2967,FAIL
2968,LIVE
2969,FAIL
2970,LIVE
2971,EXC
2973,FAIL
2974,LIVE
2975,LIVE
2976,EXC
2977,LIVE
2978,LIVE
2979,LIVE
2980,EXC
2981,LIVE
2982,LIVE
2983,FAIL
2984,LIVE
2985,FAIL
2986,LIVE
2987,LIVE
2988,FAIL
2989,LIVE
2990,LIVE
2991,LIVE
2992,LIVE
2993,EXC
2998,LIVE
2999,LIVE
3000,LIVE
3002,LIVE
3003,EXC
3005,FAIL
3006,FAIL
3007,LIVE
3008,LIVE
3009,LIVE
3010,FAIL
3011,LIVE
3012,LIVE
3013,FAIL
3014,LIVE
3015,LIVE
3016,LIVE
3017,LIVE
3018,LIVE
3019,LIVE
3020,LIVE
3021,EXC
3022,FAIL
3023,LIVE
3024,EXC
3025,FAIL
3026,LIVE
3027,FAIL
3028,LIVE
3029,LIVE
3030,LIVE
3031,FAIL
3032,LIVE
3033,FAIL
3034,LIVE
3035,LIVE
3036,FAIL
3037,LIVE
3038,FAIL
3043,FAIL
3044,EXC
3045,FAIL
3046,FAIL
3047,FAIL
3048,EXC
3049,EXC
3050,FAIL
3051,EXC
3052,FAIL
3053,FAIL
3054,EXC
3055,FAIL
3056,FAIL
3057,EXC
3058,FAIL
3059,FAIL
3060,LIVE
3061,FAIL
3062,FAIL
3063,FAIL
3064,FAIL
3065,FAIL
3066,FAIL
3067,FAIL
3068,FAIL
3069,LIVE
3070,FAIL
3071,FAIL
3072,FAIL
3073,FAIL
3074,LIVE
3075,FAIL
3076,FAIL
3077,LIVE
3078,FAIL
3079,EXC
3080,FAIL
3081,LIVE
3082,LIVE
3083,LIVE
3084,LIVE
3085,LIVE
3086,LIVE
3087,LIVE
3088,LIVE
3091,LIVE
3092,LIVE
3093,LIVE
3094,LIVE
3095,LIVE
3097,LIVE
3099,FAIL
3101,LIVE
3105,FAIL
3249,EXC
3250,EXC
3251,FAIL
3252,LIVE
3253,FAIL
3254,FAIL
3255,FAIL
3256,LIVE
3257,LIVE
3258,FAIL
3259,EXC
3260,EXC
3261,LIVE
3262,LIVE
3263,FAIL
3264,LIVE
3265,LIVE
3266,EXC
3267,FAIL
3268,LIVE
3269,EXC
3270,EXC
3271,FAIL
3272,LIVE
3273,EXC
3274,FAIL
3275,LIVE
3276,LIVE
3277,LIVE
3278,LIVE
3279,LIVE
3280,FAIL
3281,FAIL
3282,EXC
3283,FAIL
3284,LIVE
3285,FAIL
3286,LIVE
3287,FAIL
3288,FAIL
3289,LIVE
3290,EXC
3291,FAIL
3292,EXC
3293,EXC
3294,FAIL
3295,EXC
3296,LIVE
3297,LIVE
3298,EXC
3299,LIVE
3300,LIVE
3301,LIVE
3302,FAIL
3303,LIVE
3304,FAIL
3305,LIVE
3306,EXC
3307,EXC
3308,LIVE
3309,FAIL
3310,EXC
3311,LIVE
3312,FAIL
3320,FAIL
3321,EXC
3322,FAIL
3323,FAIL
3324,EXC
3325,FAIL
3326,LIVE
3327,LIVE
3330,EXC
3331,FAIL
3332,EXC
3333,FAIL
3334,EXC
3335,LIVE
3336,LIVE
3337,LIVE
3338,FAIL
3339,LIVE
3340,FAIL
3341,FAIL
3342,LIVE
3343,FAIL
3344,FAIL
3345,FAIL
3346,LIVE
3347,FAIL
3348,FAIL
3349,FAIL
3362,FAIL
3363,EXC
3364,LIVE
3366,EXC
3367,LIVE
3368,FAIL
3369,LIVE
3370,FAIL
3371,FAIL
3374,LIVE
3375,FAIL
3376,FAIL
3384,LIVE
3385,EXC
3386,LIVE
3387,EXC
3388,EXC
3389,EXC
3390,EXC
3391,EXC
3392,EXC
3393,LIVE
3394,EXC
3395,EXC
3396,EXC
3397,EXC
3398,EXC
3399,LIVE
3400,EXC
3401,EXC
3402,TIME
3403,EXC
3404,FAIL
3405,EXC
3406,FAIL
3407,FAIL
3408,EXC
3409,FAIL
3410,LIVE
3411,LIVE
3412,EXC
3413,LIVE
3414,EXC
3416,FAIL
3425,LIVE
3426,LIVE
3427,LIVE
3428,LIVE
3429,LIVE
3430,FAIL
3431,FAIL
3432,LIVE
3433,FAIL
3438,LIVE
3439,EXC
3440,FAIL
3441,LIVE
3442,LIVE
3443,FAIL
3444,EXC
3445,FAIL
3446,FAIL
3447,LIVE
3448,LIVE
3449,LIVE
3450,FAIL
3454,LIVE
3455,LIVE
3456,LIVE
3457,LIVE
3458,LIVE
3459,LIVE
3460,LIVE
3461,LIVE
3462,LIVE
3463,LIVE
3464,LIVE
3465,LIVE
3466,LIVE
3467,LIVE
3468,LIVE
3469,LIVE
3470,LIVE
3471,LIVE
3472,EXC
3473,LIVE
3474,LIVE
3475,LIVE
3482,LIVE
3483,EXC
3486,EXC
3487,LIVE
3488,LIVE
3598,EXC
3600,EXC
3603,EXC
3649,LIVE
3650,FAIL
3651,FAIL
3652,EXC
3653,LIVE
3654,EXC
3655,LIVE
3656,EXC
3657,FAIL
3658,FAIL
3659,LIVE
3660,LIVE
3661,LIVE
3662,FAIL
3663,LIVE
3667,LIVE
3668,LIVE
3669,LIVE
3670,LIVE
3671,FAIL
3672,FAIL
3673,EXC
3674,LIVE
3675,EXC
3676,FAIL
3677,FAIL
3678,FAIL
3679,FAIL
3680,LIVE
3681,FAIL
3682,FAIL
3683,FAIL
3684,FAIL
3735,LIVE
3736,LIVE
3737,LIVE
3738,FAIL
3739,LIVE
3740,EXC
3741,FAIL
3742,TIME
3743,EXC
3744,LIVE
3745,EXC
3746,EXC
3747,LIVE
3748,EXC
3749,LIVE
3750,LIVE
3751,FAIL
3752,EXC
3753,LIVE
3754,EXC
3755,FAIL
3756,EXC
3757,FAIL
3758,LIVE
3759,LIVE
3760,FAIL
3761,LIVE
3762,EXC
3763,LIVE
3764,EXC
3765,FAIL
3766,FAIL
3767,FAIL
3768,EXC
3769,LIVE
3770,EXC
3771,FAIL
3772,FAIL
3773,FAIL
3774,EXC
3775,FAIL
3776,LIVE
3777,LIVE
3778,FAIL
3779,LIVE
3780,EXC
3781,LIVE
3782,EXC
3783,FAIL
3784,FAIL
3785,FAIL
3786,EXC
3787,LIVE
3788,EXC
3789,FAIL
3790,FAIL
3791,FAIL
3792,FAIL
3793,EXC
3794,EXC
3795,FAIL
3796,EXC
3797,FAIL
3798,LIVE
3799,FAIL
3800,EXC
3801,EXC
3802,FAIL
3803,EXC
3804,FAIL
3805,LIVE
3806,FAIL
3807,EXC
3808,EXC
3809,FAIL
3810,EXC
3811,FAIL
3812,LIVE
3813,FAIL
3814,EXC
3815,EXC
3816,FAIL
3817,EXC
3818,FAIL
3819,LIVE
3820,FAIL
3821,EXC
3822,EXC
3823,FAIL
3824,FAIL
3825,FAIL
3826,FAIL
3827,FAIL
3828,EXC
3829,LIVE
3830,EXC
3831,FAIL
3832,FAIL
3833,FAIL
3834,FAIL
3835,FAIL
3836,FAIL
3837,FAIL
3838,LIVE
3839,FAIL
3840,FAIL
3841,FAIL
3842,FAIL
3843,FAIL
3844,FAIL
3845,FAIL
3846,FAIL
3847,EXC
3848,FAIL
3849,EXC
3850,FAIL
3851,FAIL
3852,EXC
3853,FAIL
3854,FAIL
3855,FAIL
3856,FAIL
3857,FAIL
3858,FAIL
3859,FAIL
3860,LIVE
3861,LIVE
3862,FAIL
3863,FAIL
3864,FAIL
3865,LIVE
3866,FAIL
3867,FAIL
3868,FAIL
3869,FAIL
3870,FAIL
3871,LIVE
3872,FAIL
3873,EXC
3874,LIVE
3875,EXC
3876,LIVE
3877,EXC
3878,LIVE
3879,LIVE
3880,LIVE
3881,EXC
3882,FAIL
3883,LIVE
3884,EXC
3885,FAIL
3886,LIVE
3887,FAIL
3888,LIVE
3889,EXC
3890,LIVE
3891,EXC
3892,FAIL
3893,LIVE
3894,EXC
3895,FAIL
3896,LIVE
3897,FAIL
3898,LIVE
3899,EXC
3900,LIVE
3901,FAIL
3902,LIVE
3903,EXC
3904,EXC
3905,FAIL
3906,FAIL
3907,EXC
3908,FAIL
3909,FAIL
3910,FAIL
3911,FAIL
3912,FAIL
3913,LIVE
3914,FAIL
3915,EXC
3916,FAIL
3917,FAIL
3918,FAIL
3919,FAIL
3920,FAIL
3921,FAIL
3922,LIVE
3923,FAIL
3924,FAIL
3925,FAIL
3926,FAIL
3927,FAIL
3928,FAIL
3929,LIVE
3930,FAIL
3931,FAIL
3932,FAIL
3933,FAIL
3934,FAIL
3935,FAIL
3936,FAIL
3937,FAIL
3938,FAIL
3939,FAIL
3940,FAIL
3941,FAIL
3942,FAIL
3943,FAIL
3944,FAIL
3945,FAIL
3946,FAIL
3947,FAIL
3948,FAIL
3949,FAIL
3950,LIVE
3951,LIVE
3952,LIVE
3953,LIVE
3954,FAIL
3955,FAIL
3956,FAIL
3957,LIVE
3958,LIVE
3959,LIVE
3960,FAIL
3961,LIVE
3962,FAIL
3963,FAIL
3964,LIVE
3965,LIVE
3966,FAIL
3967,LIVE
3968,FAIL
3969,EXC
3970,LIVE
3971,EXC
3972,EXC
3973,LIVE
3974,FAIL
3975,FAIL
3976,FAIL
3977,LIVE
3978,FAIL
3980,LIVE
3981,FAIL
3983,LIVE
3984,LIVE
3986,LIVE
3987,LIVE
3989,LIVE
3990,LIVE
3991,FAIL
3992,FAIL
3993,EXC
3994,EXC
3995,FAIL
3996,FAIL
3997,LIVE
3998,LIVE
3999,EXC
4000,FAIL
4001,LIVE
4002,LIVE
4003,FAIL
4004,FAIL
4005,LIVE
4006,LIVE
4007,FAIL
4008,LIVE
4009,LIVE
4010,FAIL
4011,FAIL
4012,FAIL
4013,LIVE
4014,FAIL
4015,FAIL
4016,EXC
4017,FAIL
4018,FAIL
4019,FAIL
4020,EXC
4021,EXC
4022,EXC
4023,EXC
4024,FAIL
4025,FAIL
4026,LIVE
4027,FAIL
4028,FAIL
4029,FAIL
4030,LIVE
4031,FAIL
4032,FAIL
4033,LIVE
4034,FAIL
4035,EXC
4036,FAIL
4037,FAIL
4038,FAIL
4039,FAIL
4040,LIVE
4041,FAIL
4042,FAIL
4043,FAIL
4044,FAIL
4045,EXC
4046,EXC
4047,LIVE
4048,FAIL
4049,EXC
4050,EXC
4051,FAIL
4052,FAIL
4053,FAIL
4054,EXC
4055,EXC
4056,FAIL
4057,FAIL
4058,EXC
4059,EXC
4060,FAIL
4061,EXC
4062,EXC
4063,FAIL
4064,EXC
4065,EXC
4066,EXC
4068,EXC
4069,EXC
4070,FAIL
4071,EXC
4072,EXC
4073,EXC
4074,LIVE
4075,EXC
4076,FAIL
4077,LIVE
4078,EXC
4079,FAIL
4080,FAIL
4081,FAIL
4082,EXC
4083,EXC
4084,FAIL
4085,EXC
4086,EXC
4087,EXC
4088,LIVE
4089,EXC
4090,FAIL
4091,LIVE
4092,EXC
4093,FAIL
4094,FAIL
4095,EXC
4096,EXC
4097,LIVE
4098,EXC
4099,EXC
4100,EXC
4101,LIVE
4102,LIVE
4103,LIVE
4104,LIVE
4105,LIVE
4106,LIVE
4107,LIVE
4108,LIVE
4110,EXC
4111,EXC
4112,FAIL
4113,EXC
4114,EXC
4115,EXC
4116,LIVE
4117,LIVE
4118,FAIL
4119,LIVE
4120,LIVE
4121,FAIL
4122,FAIL
4123,FAIL
4124,EXC
4125,EXC
4126,EXC
4127,EXC
4128,EXC
4129,EXC
4130,LIVE
4131,LIVE
4132,FAIL
4133,LIVE
4134,LIVE
4135,FAIL
4136,EXC
4137,LIVE
4152,FAIL
4153,FAIL
4154,LIVE
4155,EXC
4156,EXC
4157,FAIL
4158,EXC
4159,EXC
4160,EXC
4161,LIVE
4162,LIVE
4163,FAIL
4164,LIVE
4165,LIVE
4166,LIVE
4167,EXC
4168,EXC
4169,FAIL
4170,FAIL
4171,EXC
4172,EXC
4173,LIVE
4174,EXC
4175,EXC
4176,EXC
4177,LIVE
4178,LIVE
4179,LIVE
4180,LIVE
4181,LIVE
4182,LIVE
4183,EXC
4184,EXC
4185,LIVE
4186,EXC
4187,EXC
4188,EXC
4189,LIVE
4190,LIVE
4191,EXC
4192,LIVE
4193,LIVE
4194,LIVE
4195,LIVE
4196,LIVE
4197,LIVE
4198,LIVE
4199,LIVE
4200,LIVE
4201,LIVE
4210,LIVE
4211,EXC
4212,EXC
4213,EXC
4214,EXC
4215,EXC
4216,EXC
4217,FAIL
4218,LIVE
4219,EXC
4220,FAIL
4221,LIVE
4222,EXC
4223,FAIL
4224,LIVE
4225,EXC
4226,FAIL
4227,FAIL
4228,LIVE
4229,FAIL
4231,FAIL
4232,FAIL
4233,LIVE
4234,LIVE
4235,LIVE
4236,FAIL
4237,FAIL
4238,FAIL
4239,FAIL
4240,LIVE
4241,FAIL
4243,LIVE
4244,LIVE
4245,FAIL
4246,FAIL
4247,LIVE
4248,LIVE
4249,FAIL
4250,FAIL
4251,FAIL
4252,LIVE
4253,LIVE
4255,LIVE
4256,FAIL
4258,LIVE
4259,FAIL
4261,LIVE
4262,LIVE
4263,FAIL
4264,EXC
4265,LIVE
4266,EXC
4267,LIVE
4268,FAIL
4270,LIVE
4271,FAIL
4273,FAIL
4274,LIVE
4275,FAIL
4276,EXC
4277,EXC
4278,EXC
4279,EXC
4280,EXC
4281,EXC
4282,EXC
4283,EXC
4284,EXC
4285,LIVE
4286,EXC
4287,EXC
4288,LIVE
4289,EXC
4290,FAIL
4291,EXC
4292,EXC
4293,FAIL
4294,FAIL
4295,EXC
4296,EXC
4297,LIVE
4298,FAIL
4299,EXC
4300,EXC
4303,EXC
4304,EXC
4305,FAIL
4306,EXC
4307,EXC
4308,EXC
4309,LIVE
4310,LIVE
4311,EXC
4312,LIVE
4313,LIVE
4314,FAIL
4315,LIVE
4316,FAIL
4320,LIVE
4321,LIVE
4322,LIVE
4323,FAIL
4324,LIVE
4325,EXC
4326,LIVE
4327,LIVE
4328,FAIL
4329,TIME
4330,LIVE
4331,FAIL
4332,EXC
4333,LIVE
4334,EXC
4335,FAIL
4336,EXC
4337,EXC
4338,EXC
4339,EXC
4340,EXC
4341,EXC
4342,LIVE
4343,LIVE
4344,LIVE
4345,LIVE
4346,FAIL
4347,EXC
4348,EXC
4349,FAIL
4350,EXC
4351,EXC
4352,EXC
4353,FAIL
4354,FAIL
4355,EXC
4356,EXC
4357,EXC
4358,EXC
4359,EXC
4360,EXC
4361,FAIL
4362,EXC
4363,FAIL
4364,FAIL
4365,EXC
4366,EXC
4367,FAIL
4368,FAIL
4369,FAIL
4370,FAIL
4371,FAIL
4372,FAIL
4373,LIVE
4374,FAIL
4375,FAIL
4376,FAIL
4377,LIVE
4378,FAIL
4379,FAIL
4380,LIVE
4381,EXC
4382,LIVE
4383,FAIL
4384,EXC
4385,FAIL
4386,LIVE
4387,EXC
4388,FAIL
4389,LIVE
4390,EXC
4391,LIVE
4392,EXC
4393,FAIL
4394,EXC
4395,LIVE
4396,FAIL
4397,EXC
4398,FAIL
4399,EXC
4400,LIVE
4401,LIVE
4402,EXC
4403,FAIL
4404,LIVE
4405,TIME
4406,TIME
4407,FAIL
4408,EXC
4409,EXC
4410,FAIL
4411,EXC
4412,EXC
4413,EXC
4414,FAIL
4415,LIVE
4416,EXC
4417,FAIL
4418,EXC
4419,EXC
4420,FAIL
4421,EXC
4422,EXC
4423,EXC
4424,FAIL
4425,LIVE
4426,FAIL
4427,FAIL
4428,LIVE
4429,FAIL
4430,FAIL
4431,EXC
4432,EXC
4433,EXC
4434,EXC
4435,EXC
4436,EXC
4437,FAIL
4438,EXC
4439,FAIL
4440,FAIL
4441,EXC
4442,EXC
4443,FAIL
4444,FAIL
4446,FAIL
4447,LIVE
4448,LIVE
4449,LIVE
4450,FAIL
4453,FAIL
4454,LIVE
4455,LIVE
4456,FAIL
4458,LIVE
4459,EXC
4460,LIVE
4461,LIVE
4462,EXC
4463,FAIL
4464,FAIL
4465,EXC
4466,FAIL
4467,LIVE
4468,LIVE
4469,LIVE
4470,LIVE
4471,EXC
4472,LIVE
4473,LIVE
4474,EXC
4477,LIVE
4478,EXC
4480,LIVE
4481,EXC
4482,LIVE
4483,EXC
4484,LIVE
4485,EXC
4486,EXC
4487,FAIL
4488,FAIL
4489,EXC
4490,LIVE
4491,LIVE
4492,EXC
4493,LIVE
4494,FAIL
4497,LIVE
4498,EXC
4499,EXC
4500,LIVE
4501,EXC
4502,LIVE
4503,LIVE
4504,EXC
4506,LIVE
4507,EXC
4510,EXC
4511,LIVE
4512,EXC
4513,EXC
4514,EXC
4515,EXC
4516,FAIL
4517,EXC
4518,LIVE
4519,EXC
4520,EXC
4521,LIVE
4522,LIVE
4523,EXC
4525,LIVE
4526,FAIL
4529,EXC
4530,LIVE
4531,FAIL
4532,EXC
4533,FAIL
4534,LIVE
4535,LIVE
4538,LIVE
4539,EXC
4540,EXC
4541,FAIL
4542,LIVE
4543,FAIL
4544,LIVE
4545,FAIL
4546,FAIL
4547,EXC
4548,FAIL
4549,EXC
4550,FAIL
4551,FAIL
4552,EXC
4553,FAIL
4554,FAIL
4555,FAIL
4556,FAIL
4557,EXC
4558,FAIL
4559,EXC
4560,FAIL
4561,FAIL
4562,FAIL
4563,FAIL
4564,FAIL
4565,LIVE
4566,FAIL
4569,EXC
4570,LIVE
4571,FAIL
4572,EXC
4573,LIVE
4574,LIVE
4575,LIVE
4576,LIVE
4577,LIVE
4578,EXC
4579,LIVE
4580,FAIL
4582,EXC
4583,LIVE
4584,FAIL
4585,EXC
4586,EXC
4587,FAIL
4588,LIVE
4589,EXC
4590,FAIL
4591,FAIL
4592,LIVE
4593,LIVE
4594,LIVE
4595,FAIL
4596,EXC
4597,LIVE
4598,EXC
4599,EXC
4600,LIVE
4601,LIVE
4602,LIVE
4603,FAIL
4604,EXC
4605,LIVE
4606,FAIL
4607,EXC
4608,EXC
4609,LIVE
4610,FAIL
4611,EXC
4612,LIVE
4613,FAIL
4614,LIVE
4615,FAIL
4616,LIVE
4617,LIVE
4618,LIVE
4619,LIVE
4620,FAIL
4621,LIVE
4622,LIVE
4623,EXC
4624,LIVE
4625,LIVE
4626,EXC
4628,LIVE
4629,FAIL
4631,EXC
4632,EXC
4633,LIVE
4634,EXC
4635,EXC
4636,EXC
4637,FAIL
4638,LIVE
4639,LIVE
4640,EXC
4641,LIVE
4642,EXC
4643,FAIL
4644,FAIL
4645,LIVE
4646,EXC
4651,LIVE
4652,FAIL
4655,FAIL
4656,LIVE
4657,EXC
4658,LIVE
4659,LIVE
4660,LIVE
4663,FAIL
4664,LIVE
4665,EXC
4666,LIVE
4667,LIVE
4668,LIVE
4669,FAIL
4672,LIVE
4673,LIVE
4674,LIVE
4675,LIVE
4676,LIVE
4677,FAIL
4678,FAIL
4679,FAIL
4680,LIVE
4681,LIVE
4682,FAIL
4683,FAIL
4684,LIVE
4685,FAIL
4686,FAIL
4687,LIVE
4688,LIVE
4689,LIVE
4690,LIVE
4693,LIVE
4694,FAIL
4695,FAIL
4696,EXC
4697,LIVE
4698,FAIL
4699,LIVE
4700,LIVE
4701,FAIL
4702,FAIL
4703,FAIL
4704,EXC
4705,FAIL
4706,EXC
4707,LIVE
4708,EXC
4709,LIVE
4710,FAIL
4711,FAIL
4712,EXC
4713,LIVE
4714,LIVE
4715,EXC
4716,EXC
4717,FAIL
4718,EXC
4719,EXC
4720,EXC
4721,LIVE
4722,LIVE
4723,LIVE
4724,LIVE
4725,FAIL
4726,FAIL
4727,LIVE
4728,FAIL
4729,LIVE
4730,LIVE
4731,FAIL
4732,LIVE
4733,LIVE
4734,FAIL
4736,FAIL
4737,FAIL
4738,FAIL
4739,LIVE
4740,EXC
4741,EXC
4743,FAIL
4744,EXC
4745,FAIL
4746,FAIL
4747,LIVE
4748,LIVE
4749,LIVE
4750,LIVE
4751,FAIL
4752,LIVE
4753,LIVE
4754,LIVE
4755,LIVE
4756,LIVE
4757,LIVE
4758,FAIL
4759,EXC
4760,LIVE
4761,LIVE
4762,FAIL
4763,LIVE
4764,LIVE
4765,LIVE
4766,LIVE
4767,FAIL
4769,LIVE
4770,LIVE
4771,FAIL
4772,EXC
4773,FAIL
4774,LIVE
4775,FAIL
4776,LIVE
4777,EXC
4778,EXC
4779,LIVE
4780,LIVE
4781,EXC
4793,LIVE
4794,LIVE
4795,EXC
4796,LIVE
4797,LIVE
4817,FAIL
4818,EXC
4819,LIVE
4820,FAIL
4822,FAIL
4823,FAIL
4824,LIVE
4825,FAIL
4826,FAIL
4827,LIVE
4828,EXC
4829,LIVE
4830,FAIL
4832,FAIL
4833,LIVE
4834,LIVE
4835,EXC
4836,EXC
4837,EXC
4840,LIVE
4841,FAIL
4843,FAIL
4844,EXC
4845,EXC
4846,EXC
4847,LIVE
4848,LIVE
4849,EXC
4850,EXC
4851,EXC
4852,EXC
4853,EXC
4854,EXC
4855,LIVE
4856,LIVE
4857,LIVE
4858,LIVE
4859,EXC
4860,EXC
4861,FAIL
4862,EXC
4863,LIVE
4864,LIVE
4865,LIVE
4866,LIVE
4867,LIVE
4868,FAIL
4870,FAIL
4871,LIVE
4872,FAIL
4878,LIVE
4879,EXC
4880,LIVE
4881,EXC
4885,LIVE
4886,FAIL
4887,LIVE
4888,LIVE
4889,FAIL
4890,FAIL
4891,FAIL
4892,FAIL
4893,LIVE
4894,FAIL
4895,LIVE
4896,LIVE
4897,LIVE
4901,LIVE
4902,LIVE
4903,EXC
4904,LIVE
4905,FAIL
4906,LIVE
4907,LIVE
4908,LIVE
4909,EXC
4910,FAIL
4911,LIVE
4912,LIVE
4913,LIVE
4914,FAIL
4915,LIVE
4917,EXC
4918,LIVE
4919,LIVE
4920,EXC
4921,FAIL
4922,FAIL
4923,LIVE
4924,LIVE
4925,LIVE
4926,LIVE
4927,FAIL
4929,FAIL
4930,FAIL
4931,LIVE
4932,FAIL
4934,FAIL
4935,LIVE
4936,LIVE
4937,FAIL
4938,FAIL
4939,FAIL
4940,FAIL
4941,FAIL
4942,FAIL
4943,LIVE
4944,FAIL
4946,LIVE
4947,EXC
4948,FAIL
4949,LIVE
4950,FAIL
4951,FAIL
4952,FAIL
4953,FAIL
4955,FAIL
4956,FAIL
4957,FAIL
4958,FAIL
4959,LIVE
4960,FAIL
4961,FAIL
4962,EXC
4963,FAIL
4964,EXC
4965,LIVE
4966,LIVE
4967,LIVE
4968,LIVE
4969,FAIL
4977,LIVE
4978,FAIL
4979,LIVE
4980,LIVE
4981,LIVE
4982,LIVE
4983,FAIL
4985,FAIL
4986,EXC
4987,LIVE
4988,FAIL
4989,LIVE
4990,LIVE
4991,LIVE
4992,LIVE
4993,LIVE
4994,LIVE
4995,LIVE
4996,LIVE
4997,LIVE
4998,LIVE
4999,LIVE
5000,LIVE
5001,LIVE
5002,LIVE
5003,LIVE
5004,LIVE
5005,LIVE
5006,LIVE
5008,FAIL
5009,LIVE
5010,FAIL
5016,LIVE
5017,FAIL
5024,LIVE
5025,FAIL
5029,LIVE
5030,FAIL
5031,LIVE
5032,FAIL
5033,LIVE
5034,FAIL
5035,FAIL
5036,LIVE
5037,LIVE
5038,LIVE
5039,FAIL
5040,FAIL
5041,EXC
5042,LIVE
5043,LIVE
5044,FAIL
5045,FAIL
5046,LIVE
5047,LIVE
5048,FAIL
5049,FAIL
5050,LIVE
5051,FAIL
5052,LIVE
5055,FAIL
5056,LIVE
5057,EXC
5058,LIVE
5059,EXC
5060,LIVE
5061,EXC
5062,FAIL
5063,FAIL
5064,FAIL
5065,LIVE
5066,LIVE
5067,FAIL
5068,LIVE
5069,FAIL
5070,LIVE
5071,EXC
5072,FAIL
5073,FAIL
5074,EXC
5075,FAIL
5076,FAIL
5077,EXC
5078,FAIL
5079,FAIL
5080,EXC
5081,FAIL
5082,FAIL
5083,EXC
5084,EXC
5085,FAIL
5086,FAIL
5087,LIVE
5088,LIVE
5089,LIVE
5090,LIVE
5091,LIVE
5092,LIVE
5093,LIVE
5094,LIVE
5095,EXC
5096,LIVE
5098,EXC
5105,LIVE
5106,FAIL
5110,LIVE
5111,LIVE
5112,FAIL
5113,FAIL
5114,FAIL
5115,FAIL
5116,FAIL
5117,LIVE
5118,LIVE
5119,FAIL
5120,EXC
5123,LIVE
5124,LIVE
5125,FAIL
5126,LIVE
5127,EXC
5128,FAIL
5129,EXC
5132,LIVE
5134,FAIL
5135,FAIL
5136,FAIL
5137,LIVE
5138,EXC
5139,EXC
5140,LIVE
5141,EXC
5142,LIVE
5143,EXC
5144,FAIL
5145,FAIL
5146,FAIL
5147,LIVE
5148,LIVE
5149,LIVE
5150,LIVE
5151,LIVE
5152,LIVE
5153,LIVE
5154,LIVE
5156,LIVE
5157,LIVE
5158,EXC
5159,LIVE
5160,EXC
5161,LIVE
5162,LIVE
5163,FAIL
5164,LIVE
5165,FAIL
5168,LIVE
5170,EXC
5171,LIVE
5172,FAIL
5173,LIVE
5174,LIVE
5175,LIVE
5177,FAIL
5178,LIVE
5179,FAIL
5180,LIVE
5181,FAIL
5188,FAIL
5189,FAIL
5190,LIVE
5191,FAIL
5192,LIVE
5193,LIVE
5194,EXC
5195,EXC
5196,FAIL
5197,EXC
5198,EXC
5199,EXC
5200,LIVE
5201,LIVE
5202,FAIL
5203,LIVE
5204,LIVE
5205,FAIL
5206,EXC
5207,LIVE
5209,FAIL
5210,LIVE
5211,LIVE
5212,LIVE
5213,LIVE
5214,LIVE
5215,FAIL
5216,EXC
5217,FAIL
5218,FAIL
5219,LIVE
5220,LIVE
5221,FAIL
5222,EXC
5223,FAIL
5224,LIVE
5225,FAIL
5226,EXC
5227,LIVE
5228,LIVE
5229,EXC
5230,LIVE
5231,EXC
5232,EXC
5233,FAIL
5234,EXC
5235,FAIL
5236,LIVE
5237,LIVE
5238,FAIL
5241,EXC
5242,EXC
5243,FAIL
5244,EXC
5245,LIVE
5246,LIVE
5247,FAIL
5248,LIVE
5249,EXC
5250,EXC
5251,LIVE
5252,FAIL
5253,EXC
5254,LIVE
5255,EXC
5257,EXC
5258,FAIL
5259,FAIL
5260,EXC
5261,EXC
5262,EXC
5263,EXC
5264,EXC
5265,FAIL
5266,FAIL
5267,LIVE
5268,LIVE
5269,LIVE
5270,LIVE
5271,EXC
5272,FAIL
5273,FAIL
5274,FAIL
5275,FAIL
5276,FAIL
5277,LIVE
5278,EXC
5280,FAIL
5281,EXC
5282,LIVE
5283,FAIL
5284,EXC
5285,FAIL
5286,LIVE
5289,EXC
5290,FAIL
5291,LIVE
5292,LIVE
5293,LIVE
5294,LIVE
5295,LIVE
5296,LIVE
5297,LIVE
5298,LIVE
5299,LIVE
5300,LIVE
5301,LIVE
5302,LIVE
5303,FAIL
5304,LIVE
5305,FAIL
5306,FAIL
5307,FAIL
5308,FAIL
5309,LIVE
5310,FAIL
5313,FAIL
5314,FAIL
5315,LIVE
5316,LIVE
5317,LIVE
5318,FAIL
5319,LIVE
5320,FAIL
5321,LIVE
5322,FAIL
5323,FAIL
5324,FAIL
5325,FAIL
5326,FAIL
5327,FAIL
5328,FAIL
5329,LIVE
5330,EXC
5331,LIVE
5332,EXC
5333,FAIL
5334,LIVE
5335,EXC
5338,LIVE
5340,LIVE
5341,LIVE
5342,FAIL
5343,EXC
5344,FAIL
5345,LIVE
5346,EXC
5347,EXC
5348,LIVE
5349,LIVE
5350,EXC
5351,LIVE
5352,LIVE
5353,FAIL
5354,FAIL
5355,LIVE
5356,FAIL
5357,LIVE
5358,EXC
5359,LIVE
5360,LIVE
5361,EXC
5364,FAIL
5365,FAIL
5366,EXC
5367,FAIL
5368,LIVE
5371,LIVE
5372,FAIL
5373,EXC
5374,FAIL
5375,FAIL
5376,EXC
5377,LIVE
5378,LIVE
5379,FAIL
5382,LIVE
5383,FAIL
5387,FAIL
5388,FAIL
5389,LIVE
5391,EXC
5392,FAIL
5393,FAIL
5394,EXC
5395,EXC
5396,EXC
5397,EXC
5398,LIVE
5399,EXC
5400,LIVE
5401,LIVE
5402,EXC
5403,FAIL
5406,LIVE
5407,LIVE
5408,EXC
5409,LIVE
5410,LIVE
5411,LIVE
5412,LIVE
5413,LIVE
5414,LIVE
5415,LIVE
5416,LIVE
5417,FAIL
5418,FAIL
5419,LIVE
5420,LIVE
5421,LIVE
5422,FAIL
5423,LIVE
5426,FAIL
5427,EXC
5428,EXC
5429,EXC
5430,EXC
5431,FAIL
5432,LIVE
5433,FAIL
5434,FAIL
5435,FAIL
5436,FAIL
5437,FAIL
5438,FAIL
5439,EXC
5440,EXC
5441,FAIL
5444,LIVE
5445,FAIL
5446,EXC
5447,LIVE
5448,LIVE
5458,FAIL
5459,FAIL
5460,LIVE
5462,EXC
5463,EXC
5464,EXC
5465,FAIL
5469,LIVE
5470,LIVE
5471,FAIL
5472,FAIL
5473,FAIL
5474,LIVE
5475,FAIL
5478,FAIL
5479,FAIL
5482,EXC
5483,EXC
5484,FAIL
5485,FAIL
5486,EXC
5487,LIVE
5488,FAIL
5489,FAIL
5490,LIVE
5493,EXC
5494,LIVE
5495,LIVE
5496,LIVE
5497,EXC
5498,EXC
5499,LIVE
5500,FAIL
5503,FAIL
5507,LIVE
5508,FAIL
5509,FAIL
5510,FAIL
5511,FAIL
5512,FAIL
5513,LIVE
5514,FAIL
5522,LIVE
5523,FAIL
5525,FAIL
5526,FAIL
5527,LIVE
5529,EXC
5530,LIVE
5531,EXC
5532,LIVE
5533,EXC
5548,FAIL
5549,EXC
5550,FAIL
5551,FAIL
5552,FAIL
5553,LIVE
5554,EXC
5555,LIVE
5558,EXC
5559,FAIL
5560,LIVE
5561,LIVE
5562,LIVE
5563,LIVE
5579,LIVE
5580,EXC
5581,LIVE
5582,EXC
5583,LIVE
5584,LIVE
5585,FAIL
5588,EXC
5589,LIVE
5590,LIVE
5591,EXC
5592,EXC
5593,EXC
5594,LIVE
5595,EXC
5596,LIVE
5597,LIVE
5600,LIVE
5601,LIVE
5602,FAIL
5603,LIVE
5604,EXC
5605,LIVE
5606,LIVE
5607,EXC
5609,LIVE
5610,EXC
5612,LIVE
5613,FAIL
5616,FAIL
5617,EXC
5618,LIVE
5619,FAIL
5620,LIVE
5621,FAIL
5623,FAIL
5624,LIVE
5625,FAIL
5630,LIVE
5631,LIVE
5632,FAIL
5633,LIVE
5634,LIVE
5635,LIVE
5638,LIVE
5639,LIVE
5640,LIVE
5641,LIVE
5642,LIVE
5643,LIVE
5644,LIVE
5645,LIVE
5648,LIVE
5649,LIVE
5650,LIVE
5651,LIVE
5652,EXC
5654,LIVE
5655,EXC
5657,LIVE
5658,LIVE
5661,EXC
5662,LIVE
5663,EXC
5664,EXC
5665,EXC
5666,LIVE
5667,LIVE
5668,EXC
5669,LIVE
5670,EXC
5671,LIVE
5672,EXC
5673,EXC
5674,LIVE
5675,LIVE
5676,LIVE
5677,LIVE
5678,LIVE
5679,LIVE
5680,EXC
5681,LIVE
5682,LIVE
5683,LIVE
5684,LIVE
5685,LIVE
5686,EXC
5687,LIVE
5688,LIVE
5689,EXC
5690,LIVE
5691,LIVE
5692,LIVE
5693,LIVE
5694,LIVE
5695,FAIL
5696,LIVE
5697,EXC
5698,LIVE
5699,LIVE
5700,EXC
5702,LIVE
5703,LIVE
5704,LIVE
5705,LIVE
5706,EXC
5707,LIVE
5708,LIVE
5709,EXC
5710,LIVE
5711,LIVE
5712,LIVE
5713,LIVE
5714,LIVE
5715,LIVE
5722,LIVE
5724,FAIL
5725,EXC
5726,EXC
5727,FAIL
5728,EXC
5729,LIVE
5730,EXC
5731,FAIL
5732,FAIL
5733,FAIL
5734,EXC
5735,FAIL
5736,EXC
5737,FAIL
5738,EXC
5739,FAIL
5740,EXC
5741,FAIL
5742,EXC
5743,EXC
5744,LIVE
5745,FAIL
5746,EXC
5747,LIVE
5748,EXC
5749,EXC
5750,EXC
5751,EXC
5752,EXC
5753,EXC
5757,FAIL
5758,EXC
5759,FAIL
5760,EXC
5761,EXC
5762,EXC
5763,EXC
5764,EXC
5765,EXC
5766,LIVE
5767,EXC
5769,EXC
5770,EXC
5771,EXC
5772,EXC
5773,EXC
5796,EXC
5797,EXC
5798,FAIL
5799,EXC
5800,EXC
5801,EXC
5802,EXC
5803,EXC
5804,EXC
5805,LIVE
5806,EXC
5807,EXC
5808,LIVE
5810,EXC
5811,LIVE
5812,LIVE
5813,EXC
5814,EXC
5815,EXC
5816,FAIL
5817,LIVE
5818,EXC
5819,FAIL
5820,LIVE
5821,EXC
5822,LIVE
5823,EXC
5824,FAIL
5825,FAIL
5826,LIVE
5827,LIVE
5828,EXC
5829,FAIL
5830,FAIL
5831,EXC
5832,TIME
5833,TIME
5834,LIVE
5835,LIVE
5836,TIME
5837,TIME
5838,LIVE
5839,LIVE
5840,FAIL
5841,LIVE
5842,TIME
5843,TIME
5845,LIVE
5846,EXC
5847,EXC
5848,TIME
5849,TIME
5850,FAIL
5851,LIVE
5852,EXC
5853,EXC
5854,LIVE
5855,LIVE
5856,EXC
5857,EXC
5858,LIVE
5859,LIVE
5860,EXC
5861,EXC
5862,LIVE
5863,LIVE
5864,LIVE
5865,FAIL
5866,LIVE
5867,FAIL
5868,EXC
5869,FAIL
5870,EXC
5871,EXC
5872,LIVE
5873,FAIL
5874,EXC
5875,EXC
5876,EXC
5877,EXC
5878,EXC
5879,LIVE
5880,FAIL
5881,EXC
5882,EXC
5883,EXC
5884,EXC
5885,EXC
5886,EXC
5887,LIVE
5888,EXC
5889,EXC
5890,LIVE
5891,LIVE
5892,EXC
5893,LIVE
5894,LIVE
5895,LIVE
5896,EXC
5897,LIVE
5898,EXC
5899,EXC
5900,FAIL
5901,LIVE
5902,FAIL
5903,EXC
5904,LIVE
5905,LIVE
5906,EXC
5907,LIVE
5908,LIVE
5909,LIVE
5910,LIVE
5911,EXC
5912,EXC
5913,FAIL
5914,LIVE
5915,LIVE
5916,FAIL
5917,LIVE
5918,LIVE
5919,FAIL
5920,FAIL
5921,FAIL
5922,LIVE
5923,FAIL
5924,FAIL
5925,LIVE
5926,FAIL
5927,EXC
5928,EXC
5929,TIME
5930,FAIL
5931,TIME
5941,LIVE
5942,EXC
5943,EXC
5944,EXC
5945,EXC
5946,EXC
5947,EXC
5948,LIVE
5949,TIME
5950,LIVE
5951,EXC
5952,EXC
5953,FAIL
5954,EXC
5955,EXC
5956,FAIL
5957,LIVE
5958,TIME
5968,EXC
5969,EXC
5970,FAIL
5971,FAIL
5972,FAIL
5973,FAIL
5974,FAIL
5975,FAIL
5977,LIVE
5978,FAIL
5979,FAIL
5980,FAIL
5981,FAIL
5982,LIVE
5983,FAIL
5984,FAIL
5985,FAIL
5986,LIVE
5987,LIVE
5988,LIVE
5989,LIVE
5990,LIVE
5991,FAIL
5992,LIVE
5993,FAIL
5994,LIVE
5995,LIVE
5996,LIVE
5997,FAIL
5998,LIVE
5999,LIVE
6000,FAIL
6001,EXC
6002,FAIL
6003,FAIL
6004,FAIL
6005,EXC
6006,EXC
6007,FAIL
6008,EXC
6009,EXC
6010,EXC
6011,LIVE
6012,EXC
6013,FAIL
6014,LIVE
6015,EXC
6016,FAIL
6017,FAIL
6018,EXC
6019,EXC
6020,EXC
6021,FAIL
6022,EXC
6023,EXC
6024,EXC
6025,LIVE
6026,LIVE
6027,FAIL
6028,LIVE
6029,LIVE
6030,FAIL
6031,EXC
6032,EXC
6033,FAIL
6034,LIVE
6035,LIVE
6036,LIVE
6037,FAIL
6038,LIVE
6039,FAIL
6040,FAIL
6041,LIVE
6042,FAIL
6043,FAIL
6044,FAIL
6045,FAIL
6046,FAIL
6047,FAIL
6048,FAIL
6049,FAIL
6050,FAIL
6051,FAIL
6052,FAIL
6053,EXC
6054,FAIL
6055,FAIL
6056,EXC
6057,LIVE
6058,FAIL
6059,EXC
6060,FAIL
6061,FAIL
6062,LIVE
6063,FAIL
6064,FAIL
6065,FAIL
6066,FAIL
6067,FAIL
6068,FAIL
6069,FAIL
6070,FAIL
6071,FAIL
6072,FAIL
6073,FAIL
6074,FAIL
6075,FAIL
6076,FAIL
6077,FAIL
6078,FAIL
6079,FAIL
6080,EXC
6081,FAIL
6082,LIVE
6083,FAIL
6084,FAIL
6085,FAIL
6086,LIVE
6087,FAIL
6088,FAIL
6089,FAIL
6090,LIVE
6091,FAIL
6092,EXC
6093,FAIL
6094,LIVE
6095,FAIL
6096,FAIL
6097,FAIL
6098,LIVE
6099,LIVE
6100,LIVE
6101,EXC
6102,FAIL
6103,LIVE
6104,LIVE
6105,FAIL
6106,EXC
6107,FAIL
6108,EXC
6109,EXC
6110,FAIL
6111,EXC
6112,FAIL
6113,FAIL
6114,LIVE
6115,FAIL
6116,FAIL
6117,LIVE
6118,FAIL
6119,FAIL
6120,LIVE
6121,FAIL
6122,FAIL
6123,EXC
6124,LIVE
6125,FAIL
6126,FAIL
6127,EXC
6128,FAIL
6129,FAIL
6130,FAIL
6131,FAIL
6132,FAIL
6133,FAIL
6134,FAIL
6135,LIVE
6136,FAIL
6137,EXC
6138,FAIL
6139,FAIL
6140,EXC
6141,FAIL
6142,LIVE
6143,FAIL
6144,FAIL
6145,FAIL
6146,LIVE
6147,FAIL
6148,FAIL
6151,EXC
6152,LIVE
6153,LIVE
6154,EXC
6155,FAIL
6156,LIVE
6157,EXC
6158,EXC
6159,FAIL
6160,FAIL
6161,EXC
6162,FAIL
6163,FAIL
6164,FAIL
6165,FAIL
6166,FAIL
6167,FAIL
6168,FAIL
6169,FAIL
6170,FAIL
6171,FAIL
6172,LIVE
6173,FAIL
6174,LIVE
6175,FAIL
6176,FAIL
6177,FAIL
6178,FAIL
6179,FAIL
6180,FAIL
6181,FAIL
6182,FAIL
6183,FAIL
6184,FAIL
6185,FAIL
6186,FAIL
6187,FAIL
6188,FAIL
6189,FAIL
6190,FAIL
6191,FAIL
6192,FAIL
6193,FAIL
6194,FAIL
6205,FAIL
6206,FAIL
6207,FAIL
6208,FAIL
6209,FAIL
6210,FAIL
6211,EXC
6212,FAIL
6213,FAIL
6214,EXC
6215,FAIL
6216,FAIL
6217,FAIL
6218,EXC
6219,LIVE
6220,LIVE
6221,FAIL
6222,FAIL
6223,FAIL
6224,FAIL
6225,FAIL
6226,FAIL
6227,FAIL
6228,LIVE
6229,EXC
6230,FAIL
6231,FAIL
6232,FAIL
6233,FAIL
6234,LIVE
6235,LIVE
6236,FAIL
6237,FAIL
6238,LIVE
6239,FAIL
6240,FAIL
6241,LIVE
6242,FAIL
6243,FAIL
6244,LIVE
6245,FAIL
6246,FAIL
6247,FAIL
6248,EXC
6249,EXC
6250,FAIL
6251,LIVE
6252,LIVE
6253,FAIL
6254,LIVE
6255,LIVE
6256,FAIL
6257,FAIL
6258,LIVE
6259,LIVE
6260,FAIL
6261,LIVE
6262,FAIL
6263,LIVE
6264,LIVE
6265,EXC
6266,LIVE
6267,FAIL
6268,EXC
6269,FAIL
6270,FAIL
6271,FAIL
6272,FAIL
6273,FAIL
6274,EXC
6275,LIVE
6276,EXC
6277,FAIL
6278,FAIL
6279,FAIL
6280,FAIL
6281,FAIL
6282,FAIL
6283,LIVE
6284,FAIL
6285,FAIL
6286,FAIL
6287,EXC
6288,LIVE
6289,EXC
6290,FAIL
6291,LIVE
6292,LIVE
6293,FAIL
6294,FAIL
6295,LIVE
6296,LIVE
6297,FAIL
6298,FAIL
6299,FAIL
6300,FAIL
6301,LIVE
6302,LIVE
6303,FAIL
6304,FAIL
6305,LIVE
6306,LIVE
6307,LIVE
6308,LIVE
6309,FAIL
6310,EXC
6311,EXC
6312,FAIL
6313,EXC
6314,EXC
6315,EXC
6316,EXC
6317,EXC
6318,FAIL
6319,EXC
6320,EXC
6321,EXC
6322,FAIL
6323,FAIL
6324,EXC
6325,LIVE
6326,EXC
6327,FAIL
6328,FAIL
6329,EXC
6338,FAIL
6339,FAIL
6340,FAIL
6341,EXC
6342,LIVE
6343,EXC
6344,FAIL
6345,FAIL
6346,FAIL
6347,FAIL
6348,FAIL
6349,EXC
6350,FAIL
6351,LIVE
6352,FAIL
6353,FAIL
6354,EXC
6355,LIVE
6356,EXC
6357,FAIL
6358,EXC
6359,EXC
6360,FAIL
6361,FAIL
6362,FAIL
6363,EXC
6364,LIVE
6365,EXC
6366,FAIL
6367,EXC
6368,FAIL
6369,EXC
6370,FAIL
6371,FAIL
6372,EXC
6373,FAIL
6374,FAIL
6375,EXC
6376,EXC
6377,EXC
6378,LIVE
6379,LIVE
6380,LIVE
6381,EXC
6382,EXC
6383,TIME
6384,FAIL
6385,EXC
6386,FAIL
6387,TIME
6388,FAIL
6389,FAIL
6390,LIVE
6391,FAIL
6392,FAIL
6393,EXC
6394,EXC
6395,EXC
6396,EXC
6397,FAIL
6398,FAIL
6399,LIVE
6400,FAIL
6401,FAIL
6402,EXC
6403,EXC
6404,FAIL
6405,FAIL
6406,FAIL
6407,EXC
6408,FAIL
6409,FAIL
6410,EXC
6411,FAIL
6412,FAIL
6413,FAIL
6414,FAIL
6415,EXC
6416,LIVE
6417,FAIL
6418,EXC
6419,LIVE
6420,FAIL
6421,EXC
6422,FAIL
6423,LIVE
6424,EXC
6425,LIVE
6426,LIVE
6427,EXC
6428,FAIL
6429,FAIL
6430,FAIL
6431,FAIL
6432,EXC
6433,FAIL
6434,FAIL
6435,EXC
6436,EXC
6437,TIME
6438,EXC
6439,EXC
6440,TIME
6441,FAIL
6442,EXC
6443,TIME
6444,EXC
6445,EXC
6446,EXC
6447,EXC
6448,EXC
6449,FAIL
6450,EXC
6451,EXC
6452,TIME
6453,EXC
6454,EXC
6455,TIME
6456,EXC
6457,TIME
6458,LIVE
6459,EXC
6460,EXC
6461,EXC
6462,EXC
6463,EXC
6464,EXC
6465,EXC
6466,EXC
6467,EXC
6468,EXC
6469,EXC
6470,TIME
6471,EXC
6472,EXC
6473,EXC
6474,TIME
6475,EXC
6476,EXC
6477,EXC
6478,TIME
6479,EXC
6480,EXC
6481,EXC
6482,TIME
6483,EXC
6484,EXC
6485,EXC
6486,TIME
6487,EXC
6488,EXC
6489,TIME
6490,EXC
6491,EXC
6492,FAIL
6493,LIVE
6494,EXC
6495,EXC
6496,EXC
6497,FAIL
6498,LIVE
6499,EXC
6500,EXC
6501,EXC
6502,FAIL
6503,FAIL
6504,EXC
6505,EXC
6506,EXC
6507,FAIL
6508,FAIL
6509,EXC
6510,EXC
6511,TIME
6512,FAIL
6513,EXC
6514,TIME
6515,FAIL
6516,EXC
6517,TIME
6518,FAIL
6519,EXC
6520,TIME
6521,FAIL
6522,EXC
6523,TIME
6524,LIVE
6525,EXC
6526,TIME
6527,FAIL
6528,EXC
6529,TIME
6530,FAIL
6531,EXC
6532,TIME
6533,FAIL
6534,LIVE
6535,FAIL
6536,LIVE
6537,FAIL
6538,LIVE
6539,FAIL
6540,LIVE
6541,FAIL
6542,LIVE
6543,LIVE
6544,EXC
6545,FAIL
6546,FAIL
6547,FAIL
6548,FAIL
6549,EXC
6550,FAIL
6551,FAIL
6552,EXC
6553,EXC
6554,FAIL
6555,EXC
6556,FAIL
6557,FAIL
6558,EXC
6559,EXC
6560,FAIL
6561,EXC
6562,EXC
6563,FAIL
6564,EXC
6565,EXC
6566,FAIL
6567,EXC
6568,FAIL
6569,FAIL
6570,LIVE
6571,EXC
6572,EXC
6573,EXC
6574,EXC
6575,FAIL
6576,FAIL
6577,FAIL
6578,FAIL
6579,LIVE
6580,EXC
6581,FAIL
6582,FAIL
6583,FAIL
6584,FAIL
6585,FAIL
6586,EXC
6587,EXC
6588,LIVE
6589,EXC
6590,LIVE
6591,EXC
6592,EXC
6595,EXC
6596,EXC
6597,EXC
6598,EXC
6599,EXC
6600,FAIL
6601,FAIL
6602,EXC
6603,EXC
6604,FAIL
6605,FAIL
6606,FAIL
6607,LIVE
6608,FAIL
6609,FAIL
6610,FAIL
6611,FAIL
6612,FAIL
6613,FAIL
6614,FAIL
6615,FAIL
6616,LIVE
6617,EXC
6618,LIVE
6619,FAIL
6620,EXC
6621,LIVE
6622,FAIL
6623,FAIL
6624,FAIL
6625,FAIL
6626,EXC
6627,LIVE
6628,FAIL
6629,FAIL
6630,FAIL
6631,FAIL
6632,EXC
6633,LIVE
6634,FAIL
6635,LIVE
6636,LIVE
6637,LIVE
6638,LIVE
6639,LIVE
6640,LIVE
6641,LIVE
6642,FAIL
6643,LIVE
6644,FAIL
6645,FAIL
6646,FAIL
6647,FAIL
6648,FAIL
6649,FAIL
6650,FAIL
6651,FAIL
6652,FAIL
6653,FAIL
6654,FAIL
6655,FAIL
6656,FAIL
6657,FAIL
6658,FAIL
6659,FAIL
6660,FAIL
6661,FAIL
6662,EXC
6663,FAIL
6664,LIVE
6665,FAIL
6666,LIVE
6667,LIVE
6668,FAIL
6669,FAIL
6670,LIVE
6671,LIVE
6673,LIVE
6674,FAIL
6675,LIVE
6676,FAIL
6678,LIVE
6679,FAIL
6680,EXC
6681,EXC
6682,FAIL
6683,FAIL
6684,EXC
