TestNo,TestName
1,org.jsoup.helper.DataUtilTest
2,org.jsoup.helper.HttpConnectionTest
3,org.jsoup.helper.StringUtilTest
4,org.jsoup.helper.W3CDomTest
5,org.jsoup.integration.ParseTest
6,org.jsoup.integration.UrlConnectTest
7,org.jsoup.nodes.AttributeTest
8,org.jsoup.nodes.AttributesTest
9,org.jsoup.nodes.DocumentTest
10,org.jsoup.nodes.DocumentTypeTest
11,org.jsoup.nodes.ElementTest
12,org.jsoup.nodes.EntitiesTest
13,org.jsoup.nodes.FormElementTest
14,org.jsoup.nodes.NodeTest
15,org.jsoup.nodes.TextNodeTest
16,org.jsoup.parser.AttributeParseTest
17,org.jsoup.parser.CharacterReaderTest
18,org.jsoup.parser.HtmlParserTest
19,org.jsoup.parser.TagTest
20,org.jsoup.parser.TokenQueueTest
21,org.jsoup.parser.XmlTreeBuilderTest
22,org.jsoup.safety.CleanerTest
23,org.jsoup.select.CssTest
24,org.jsoup.select.ElementsTest
25,org.jsoup.select.QueryParserTest
26,org.jsoup.select.SelectorTest
